id,class
/dataset/test/c147137520649361.jpg,3
/dataset/test/c100205781480979.jpg,1
/dataset/test/c151664486373709.jpg,2
/dataset/test/c100561774942763.jpg,3
/dataset/test/c148041375953289.jpg,3
/dataset/test/c101763104795383.jpg,2
/dataset/test/c155015401556046.jpg,1
/dataset/test/c103365739350489.jpg,3
/dataset/test/c155075728230850.jpg,3
/dataset/test/c105318890497697.jpg,3
/dataset/test/c155082746918662.jpg,3
/dataset/test/c105559732019975.jpg,3
/dataset/test/c161734500798581.jpg,3
/dataset/test/c106561036755715.jpg,3
/dataset/test/c1624048235177.jpg,3
/dataset/test/c108272083129488.jpg,3
/dataset/test/c16247696251028.jpg,3
/dataset/test/c108644704257394.jpg,3
/dataset/test/c16260919188942.jpg,3
/dataset/test/c10872294655687.jpg,2
/dataset/test/c16266167146452.jpg,3
/dataset/test/c110986146646563.jpg,3
/dataset/test/c163447099525015.jpg,3
/dataset/test/c11220214524280.jpg,1
/dataset/test/c16555360789255.jpg,3
/dataset/test/c113455544987830.jpg,2
/dataset/test/c16692106673845.jpg,3
/dataset/test/c1137626947962.jpg,3
/dataset/test/c167952354575413.jpg,3
/dataset/test/c11732477319043.jpg,3
/dataset/test/c168306995950171.jpg,3
/dataset/test/c118276549360782.jpg,3
/dataset/test/c16902871275205.jpg,3
/dataset/test/c11851431630519.jpg,1
/dataset/test/c169577935621482.jpg,3
/dataset/test/c118619558643685.jpg,2
/dataset/test/c1696788426548.jpg,1
/dataset/test/c1187918958017.jpg,3
/dataset/test/c171578875949848.jpg,3
/dataset/test/c119513388311437.jpg,3
/dataset/test/c17254032297864.jpg,3
/dataset/test/c120206630529453.jpg,2
/dataset/test/c172778968261199.jpg,1
/dataset/test/c120661287747267.jpg,3
/dataset/test/c17318435760353.jpg,3
/dataset/test/c121645416147923.jpg,3
/dataset/test/c17463425790121.jpg,3
/dataset/test/c12377861135809.jpg,3
/dataset/test/c175025090574241.jpg,3
/dataset/test/c124157985644342.jpg,3
/dataset/test/c175813945649013.jpg,3
/dataset/test/c125023866614211.jpg,3
/dataset/test/c177606247379187.jpg,3
/dataset/test/c12781157765731.jpg,3
/dataset/test/c17826545335493.jpg,1
/dataset/test/c130141172813115.jpg,3
/dataset/test/c178863301496615.jpg,3
/dataset/test/c131661987952362.jpg,3
/dataset/test/c179347856556316.jpg,3
/dataset/test/c13212949035982.jpg,3
/dataset/test/c180375975513314.jpg,3
/dataset/test/c13324665124776.jpg,3
/dataset/test/c18196444471030.jpg,3
/dataset/test/c13342241187919.jpg,3
/dataset/test/c18215867551253.jpg,3
/dataset/test/c133938938430676.jpg,3
/dataset/test/c18239155241797.jpg,3
/dataset/test/c134134409382075.jpg,3
/dataset/test/c18248700672210.jpg,2
/dataset/test/c134203957375788.jpg,1
/dataset/test/c18425645243603.jpg,3
/dataset/test/c134549373797675.jpg,3
/dataset/test/c184344408322011.jpg,3
/dataset/test/c136985788447597.jpg,3
/dataset/test/c184453551931545.jpg,2
/dataset/test/c137177986138150.jpg,3
/dataset/test/c185642477824481.jpg,1
/dataset/test/c137284560812206.jpg,3
/dataset/test/c18832695154047.jpg,3
/dataset/test/c140095386682294.jpg,3
/dataset/test/c1891798114953.jpg,1
/dataset/test/c140406469434206.jpg,3
/dataset/test/c1894457977456.jpg,3
/dataset/test/c14143850579648.jpg,3
/dataset/test/c190134399310161.jpg,3
/dataset/test/c142459168789326.jpg,3
/dataset/test/c193333233387476.jpg,3
/dataset/test/c142722753166854.jpg,3
/dataset/test/c194891851852303.jpg,2
/dataset/test/c142756340138312.jpg,3
/dataset/test/c196148959326055.jpg,3
/dataset/test/c143305303399550.jpg,3
/dataset/test/c196813209945474.jpg,1
/dataset/test/c144387125739908.jpg,3
/dataset/test/c19692498434000.jpg,3
/dataset/test/c144672605454367.jpg,3
/dataset/test/c1983194928366.jpg,3
/dataset/test/c14558801213947.jpg,3
/dataset/test/c156384444657338.jpg,3
/dataset/test/c19845406214975.jpg,3
/dataset/test/c156397375350640.jpg,3
/dataset/test/c19940470774667.jpg,3
/dataset/test/c158767624053784.jpg,3
/dataset/test/c199551931119.jpg,3
/dataset/test/c1595373578690.jpg,3
/dataset/test/c20064613730139.jpg,3
/dataset/test/c16107215948318.jpg,3
/dataset/test/c20120569415497.jpg,3
/dataset/test/c161686820170477.jpg,3
/dataset/test/c636184715638503.jpg,3
/dataset/test/c202073365568867.jpg,3
/dataset/test/c203939243949148.jpg,3
/dataset/test/c203982561219911.jpg,1
/dataset/test/c204338262975221.jpg,3
/dataset/test/c204827277937732.jpg,3
/dataset/test/c205272585875870.jpg,3
/dataset/test/c205375176463895.jpg,3
/dataset/test/c206387322647499.jpg,1
/dataset/test/c206552127033843.jpg,3
/dataset/test/c207348900539238.jpg,3
/dataset/test/c209891019773229.jpg,3
/dataset/test/c211323681538071.jpg,3
/dataset/test/c2121597124752.jpg,2
/dataset/test/c212405926380297.jpg,1
/dataset/test/c213008092130336.jpg,3
/dataset/test/c21340128420834.jpg,3
/dataset/test/c214304368556785.jpg,3
/dataset/test/c214915956312744.jpg,2
/dataset/test/c21778982566617.jpg,3
/dataset/test/c219368023241863.jpg,3
/dataset/test/c219683577665952.jpg,3
/dataset/test/c223864765980240.jpg,3
/dataset/test/c226212330722673.jpg,3
/dataset/test/c226495723864153.jpg,3
/dataset/test/c227193912787980.jpg,3
/dataset/test/c22740107694129.jpg,3
/dataset/test/c227995932093226.jpg,2
/dataset/test/c229021944378853.jpg,3
/dataset/test/c23041135339375.jpg,3
/dataset/test/c230612373888271.jpg,3
/dataset/test/c231183422947244.jpg,3
/dataset/test/c2314444141422.jpg,3
/dataset/test/c231516980523939.jpg,3
/dataset/test/c2322271030778.jpg,3
/dataset/test/c233798107716741.jpg,3
/dataset/test/c234578890638035.jpg,3
/dataset/test/c234664433891256.jpg,3
/dataset/test/c235855111599033.jpg,3
/dataset/test/c236403886773043.jpg,3
/dataset/test/c23649590274577.jpg,3
/dataset/test/c237434233842936.jpg,3
/dataset/test/c237742066762175.jpg,3
/dataset/test/c23841332721329.jpg,3
/dataset/test/c238676412933635.jpg,3
/dataset/test/c239357094213031.jpg,3
/dataset/test/c242952635889973.jpg,3
/dataset/test/c244209837788270.jpg,3
/dataset/test/c247404316216586.jpg,3
/dataset/test/c247518579520808.jpg,3
/dataset/test/c24883875627820.jpg,3
/dataset/test/c249963184223985.jpg,3
/dataset/test/c25004176468831.jpg,3
/dataset/test/c25016432237635.jpg,2
/dataset/test/c251145229826175.jpg,2
/dataset/test/c251186855695036.jpg,3
/dataset/test/c252796849274298.jpg,3
/dataset/test/c255182732757329.jpg,3
/dataset/test/c256722045462303.jpg,3
/dataset/test/c257653185756615.jpg,3
/dataset/test/c259101544449426.jpg,3
/dataset/test/c2607678572918.jpg,3
/dataset/test/c265363531345351.jpg,3
/dataset/test/c265713111677900.jpg,3
/dataset/test/c265966600032176.jpg,3
/dataset/test/c26756102482292.jpg,3
/dataset/test/c267773510532792.jpg,3
/dataset/test/c267835248260671.jpg,3
/dataset/test/c268805469148460.jpg,3
/dataset/test/c269286329878988.jpg,3
/dataset/test/c26953983866159.jpg,3
/dataset/test/c269617434034837.jpg,3
/dataset/test/c269715699557500.jpg,3
/dataset/test/c269916177989761.jpg,1
/dataset/test/c271171108642181.jpg,3
/dataset/test/c272159706067697.jpg,3
/dataset/test/c2724219672888.jpg,2
/dataset/test/c272514981252192.jpg,3
/dataset/test/c273226029022.jpg,2
/dataset/test/c27430599939809.jpg,3
/dataset/test/c274899331999474.jpg,3
/dataset/test/c27505344027492.jpg,3
/dataset/test/c275103971895303.jpg,2
/dataset/test/c275799002650769.jpg,3
/dataset/test/c276183444124136.jpg,3
/dataset/test/c277023662321269.jpg,3
/dataset/test/c278817381646631.jpg,2
/dataset/test/c279401771287394.jpg,2
/dataset/test/c280989264519779.jpg,3
/dataset/test/c281579211549681.jpg,3
/dataset/test/c283791377453426.jpg,3
/dataset/test/c28420131982993.jpg,3
/dataset/test/c28692212970414.jpg,3
/dataset/test/c287847422679125.jpg,3
/dataset/test/c287885389296405.jpg,3
/dataset/test/c288758317641637.jpg,3
/dataset/test/c289159996892469.jpg,2
/dataset/test/c290043444314416.jpg,3
/dataset/test/c290073204531646.jpg,3
/dataset/test/c290433836429457.jpg,3
/dataset/test/c291025060540712.jpg,3
/dataset/test/c292329380894878.jpg,3
/dataset/test/c293016905741679.jpg,2
/dataset/test/c293918081288557.jpg,3
/dataset/test/c295085470716900.jpg,3
/dataset/test/c295586101925160.jpg,2
/dataset/test/c297533644843574.jpg,2
/dataset/test/c298202738044464.jpg,1
/dataset/test/c298209889959843.jpg,3
/dataset/test/c299808994210516.jpg,3
/dataset/test/c300926636355077.jpg,3
/dataset/test/c301835846726671.jpg,1
/dataset/test/c302101953872606.jpg,3
/dataset/test/c302492584447682.jpg,1
/dataset/test/c303924199047515.jpg,2
/dataset/test/c304897413364546.jpg,1
/dataset/test/c30507616235327.jpg,3
/dataset/test/c305236814043648.jpg,3
/dataset/test/c307545966012635.jpg,2
/dataset/test/c30781014363219.jpg,3
/dataset/test/c308538435871528.jpg,3
/dataset/test/c31074339903880.jpg,3
/dataset/test/c311375195536582.jpg,3
/dataset/test/c311766934422965.jpg,3
/dataset/test/c311916936471551.jpg,3
/dataset/test/c312876603985348.jpg,3
/dataset/test/c314427530942931.jpg,3
/dataset/test/c31878199213807.jpg,3
/dataset/test/c319451886687012.jpg,3
/dataset/test/c319567573322292.jpg,3
/dataset/test/c320121447125304.jpg,3
/dataset/test/c320623081050372.jpg,3
/dataset/test/c321174236179199.jpg,2
/dataset/test/c321218273416508.jpg,2
/dataset/test/c321434257414310.jpg,3
/dataset/test/c322659763999668.jpg,3
/dataset/test/c323623127787090.jpg,1
/dataset/test/c324224296036678.jpg,2
/dataset/test/c325595685261349.jpg,3
/dataset/test/c327378019562166.jpg,3
/dataset/test/c32870878895865.jpg,3
/dataset/test/c329366430966368.jpg,3
/dataset/test/c33006912121979.jpg,3
/dataset/test/c330256519390073.jpg,2
/dataset/test/c330998268612334.jpg,3
/dataset/test/c331029589343238.jpg,2
/dataset/test/c334305319592762.jpg,2
/dataset/test/c33447786458790.jpg,1
/dataset/test/c335986497078701.jpg,3
/dataset/test/c337464999188355.jpg,3
/dataset/test/c338314111629193.jpg,3
/dataset/test/c338951003139734.jpg,3
/dataset/test/c33958423049849.jpg,3
/dataset/test/c34054041190872.jpg,3
/dataset/test/c340994034110209.jpg,3
/dataset/test/c342497226359089.jpg,3
/dataset/test/c342709566135169.jpg,3
/dataset/test/c343711166085780.jpg,3
/dataset/test/c344149266163538.jpg,3
/dataset/test/c34508672795004.jpg,3
/dataset/test/c345581766483573.jpg,3
/dataset/test/c34584278365440.jpg,3
/dataset/test/c3462356093969.jpg,1
/dataset/test/c34724918871322.jpg,3
/dataset/test/c34853092792363.jpg,3
/dataset/test/c34930378758185.jpg,3
/dataset/test/c3505362156384.jpg,3
/dataset/test/c351067398160499.jpg,3
/dataset/test/c35154217036199.jpg,3
/dataset/test/c35164836017323.jpg,3
/dataset/test/c351939598792479.jpg,3
/dataset/test/c353553063965108.jpg,3
/dataset/test/c354443780093328.jpg,3
/dataset/test/c35522610587127.jpg,3
/dataset/test/c355778528283727.jpg,3
/dataset/test/c359358603871312.jpg,3
/dataset/test/c360376540648241.jpg,3
/dataset/test/c360895650164847.jpg,3
/dataset/test/c361426745374369.jpg,3
/dataset/test/c36151268739353.jpg,3
/dataset/test/c36196737458739.jpg,3
/dataset/test/c362297530794644.jpg,3
/dataset/test/c362662578529611.jpg,3
/dataset/test/c362884498925035.jpg,3
/dataset/test/c363373660517573.jpg,3
/dataset/test/c36481183156142.jpg,3
/dataset/test/c365247677445553.jpg,3
/dataset/test/c365428957299751.jpg,3
/dataset/test/c365734713932889.jpg,3
/dataset/test/c365749020824751.jpg,3
/dataset/test/c36584719923859.jpg,3
/dataset/test/c366351211160401.jpg,1
/dataset/test/c366401884110190.jpg,3
/dataset/test/c366422117380922.jpg,3
/dataset/test/c368293718890144.jpg,3
/dataset/test/c36894613875348.jpg,3
/dataset/test/c369385101256091.jpg,3
/dataset/test/c369659774330705.jpg,3
/dataset/test/c370181839841277.jpg,3
/dataset/test/c371147530070144.jpg,2
/dataset/test/c371791839772300.jpg,2
/dataset/test/c372816014994923.jpg,3
/dataset/test/c372923766481271.jpg,2
/dataset/test/c373229442084998.jpg,3
/dataset/test/c374164350047888.jpg,3
/dataset/test/c374964214973542.jpg,1
/dataset/test/c37648039189429.jpg,2
/dataset/test/c378174514131719.jpg,3
/dataset/test/c378179304848683.jpg,3
/dataset/test/c378665020741248.jpg,3
/dataset/test/c380173241324072.jpg,3
/dataset/test/c380209386290957.jpg,1
/dataset/test/c380241498692097.jpg,3
/dataset/test/c380595007865127.jpg,3
/dataset/test/c381566474257406.jpg,3
/dataset/test/c381701458656528.jpg,3
/dataset/test/c386355833623033.jpg,2
/dataset/test/c388284419888810.jpg,3
/dataset/test/c38888614696087.jpg,3
/dataset/test/c39096121021761.jpg,3
/dataset/test/c39182860623643.jpg,3
/dataset/test/c39239341670946.jpg,3
/dataset/test/c395388011383481.jpg,1
/dataset/test/c39639565184877.jpg,2
/dataset/test/c40249914566851.jpg,3
/dataset/test/c402534156120739.jpg,3
/dataset/test/c404016238367530.jpg,2
/dataset/test/c405115170513.jpg,3
/dataset/test/c40543979688646.jpg,3
/dataset/test/c405621609982046.jpg,3
/dataset/test/c405811404741513.jpg,1
/dataset/test/c407957397917942.jpg,3
/dataset/test/c408036508627661.jpg,3
/dataset/test/c40853256862526.jpg,1
/dataset/test/c409391277052397.jpg,3
/dataset/test/c4123447312245.jpg,3
/dataset/test/c412793842047835.jpg,3
/dataset/test/c412932578210948.jpg,3
/dataset/test/c413613798310465.jpg,3
/dataset/test/c414268959876991.jpg,3
/dataset/test/c415958733292172.jpg,3
/dataset/test/c4185553874263.jpg,1
/dataset/test/c41913779514210.jpg,3
/dataset/test/c422638058697559.jpg,2
/dataset/test/c424025391224004.jpg,3
/dataset/test/c424727645981312.jpg,3
/dataset/test/c42653256068350.jpg,3
/dataset/test/c429092624952598.jpg,3
/dataset/test/c4308292754358.jpg,3
/dataset/test/c431505467210062.jpg,3
/dataset/test/c4316878593684.jpg,3
/dataset/test/c432193231074387.jpg,3
/dataset/test/c434205421121431.jpg,1
/dataset/test/c434812612028809.jpg,3
/dataset/test/c435455641048745.jpg,3
/dataset/test/c436787988248183.jpg,3
/dataset/test/c43728017730776.jpg,3
/dataset/test/c43884423461192.jpg,3
/dataset/test/c440155345369622.jpg,3
/dataset/test/c440662058158426.jpg,3
/dataset/test/c440754068267498.jpg,3
/dataset/test/c44078013387570.jpg,3
/dataset/test/c44157285838140.jpg,3
/dataset/test/c441893166368791.jpg,3
/dataset/test/c442667194437844.jpg,3
/dataset/test/c44266767825504.jpg,3
/dataset/test/c443254322133528.jpg,3
/dataset/test/c443398319155795.jpg,1
/dataset/test/c443582267093740.jpg,3
/dataset/test/c443962181121631.jpg,3
/dataset/test/c444622953936332.jpg,3
/dataset/test/c4446981966441.jpg,2
/dataset/test/c444719448515106.jpg,3
/dataset/test/c44599206975124.jpg,2
/dataset/test/c447116715097641.jpg,3
/dataset/test/c44787558683847.jpg,3
/dataset/test/c448435648270759.jpg,3
/dataset/test/c45072842862748.jpg,3
/dataset/test/c451089336654020.jpg,3
/dataset/test/c451904752087185.jpg,3
/dataset/test/c451906074557515.jpg,3
/dataset/test/c451945527745895.jpg,3
/dataset/test/c452968726112999.jpg,3
/dataset/test/c453013231896202.jpg,3
/dataset/test/c45324879959922.jpg,2
/dataset/test/c454347227420021.jpg,3
/dataset/test/c45512566562617.jpg,3
/dataset/test/c45572987028538.jpg,3
/dataset/test/c456956919519275.jpg,3
/dataset/test/c456988343710009.jpg,3
/dataset/test/c45875157656734.jpg,3
/dataset/test/c460488159260374.jpg,3
/dataset/test/c464608318074018.jpg,3
/dataset/test/c464611583336889.jpg,3
/dataset/test/c465991931255900.jpg,3
/dataset/test/c466384123941652.jpg,3
/dataset/test/c46796264909402.jpg,3
/dataset/test/c468061760860403.jpg,3
/dataset/test/c468819237994051.jpg,1
/dataset/test/c469342067035830.jpg,3
/dataset/test/c469367701751142.jpg,3
/dataset/test/c469402477628632.jpg,3
/dataset/test/c470002233741749.jpg,1
/dataset/test/c470146531051105.jpg,3
/dataset/test/c470307225251297.jpg,3
/dataset/test/c471253608012111.jpg,3
/dataset/test/c471458337390305.jpg,3
/dataset/test/c472841767839633.jpg,3
/dataset/test/c472913090352806.jpg,3
/dataset/test/c473418949924377.jpg,3
/dataset/test/c47354748464649.jpg,2
/dataset/test/c47383549238897.jpg,3
/dataset/test/c476103638845.jpg,1
/dataset/test/c476636098550753.jpg,3
/dataset/test/c4775275118059.jpg,3
/dataset/test/c478669807091527.jpg,3
/dataset/test/c480531538892017.jpg,3
/dataset/test/c481549500094594.jpg,3
/dataset/test/c481765902216534.jpg,3
/dataset/test/c484582021736351.jpg,3
/dataset/test/c485041498161028.jpg,3
/dataset/test/c49058123548710.jpg,3
/dataset/test/c491183001529638.jpg,3
/dataset/test/c492623351633233.jpg,3
/dataset/test/c493486612092440.jpg,2
/dataset/test/c496519089664369.jpg,3
/dataset/test/c49717612005450.jpg,3
/dataset/test/c497440889395.jpg,3
/dataset/test/c500877506358835.jpg,1
/dataset/test/c501156194635393.jpg,1
/dataset/test/c501431779498534.jpg,2
/dataset/test/c502181561618568.jpg,3
/dataset/test/c502375633091114.jpg,3
/dataset/test/c502567508080874.jpg,2
/dataset/test/c5027224942121.jpg,3
/dataset/test/c503945231833874.jpg,3
/dataset/test/c50409235275174.jpg,2
/dataset/test/c504112533499499.jpg,3
/dataset/test/c506455170618590.jpg,3
/dataset/test/c50781884545566.jpg,3
/dataset/test/c509496346895418.jpg,3
/dataset/test/c509853715557023.jpg,3
/dataset/test/c510287362971644.jpg,3
/dataset/test/c511669817658388.jpg,3
/dataset/test/c511798359814534.jpg,3
/dataset/test/c512565752029808.jpg,3
/dataset/test/c513272092895306.jpg,3
/dataset/test/c51387839293856.jpg,3
/dataset/test/c514506302452685.jpg,3
/dataset/test/c51569043646387.jpg,3
/dataset/test/c518206848861999.jpg,3
/dataset/test/c518468503747676.jpg,2
/dataset/test/c519821433864104.jpg,3
/dataset/test/c52009399493028.jpg,3
/dataset/test/c52084498559144.jpg,2
/dataset/test/c521005142016004.jpg,2
/dataset/test/c52138567921753.jpg,3
/dataset/test/c52147629574621.jpg,3
/dataset/test/c521898290611209.jpg,2
/dataset/test/c52302525504568.jpg,1
/dataset/test/c523662779561351.jpg,3
/dataset/test/c5244734862442.jpg,3
/dataset/test/c526135605664417.jpg,3
/dataset/test/c526225209688655.jpg,2
/dataset/test/c526436674172985.jpg,3
/dataset/test/c527186796743360.jpg,3
/dataset/test/c527857516112211.jpg,3
/dataset/test/c528914295559.jpg,3
/dataset/test/c53085550357819.jpg,1
/dataset/test/c531017894956970.jpg,3
/dataset/test/c531474944115945.jpg,3
/dataset/test/c532988512260823.jpg,3
/dataset/test/c53322930022643.jpg,3
/dataset/test/c534501724757537.jpg,3
/dataset/test/c536393895015825.jpg,2
/dataset/test/c536419761165700.jpg,3
/dataset/test/c53737473077083.jpg,3
/dataset/test/c53923330361352.jpg,3
/dataset/test/c53924502052049.jpg,3
/dataset/test/c539727840813916.jpg,2
/dataset/test/c539936988635079.jpg,3
/dataset/test/c540659724296221.jpg,2
/dataset/test/c540779259355639.jpg,3
/dataset/test/c54139884351882.jpg,3
/dataset/test/c541694933075550.jpg,3
/dataset/test/c542714002186702.jpg,3
/dataset/test/c543413156754875.jpg,3
/dataset/test/c543914594593824.jpg,3
/dataset/test/c544027720690916.jpg,2
/dataset/test/c544113721298983.jpg,1
/dataset/test/c546445179184621.jpg,3
/dataset/test/c548081264259826.jpg,3
/dataset/test/c585048005091853.jpg,3
/dataset/test/c5487300011224.jpg,3
/dataset/test/c586081169885440.jpg,3
/dataset/test/c550634961541059.jpg,3
/dataset/test/c587266134193227.jpg,3
/dataset/test/c551883813836436.jpg,2
/dataset/test/c589022348433601.jpg,3
/dataset/test/c552337628959623.jpg,3
/dataset/test/c595114683197326.jpg,1
/dataset/test/c553073880962243.jpg,3
/dataset/test/c59646567064886.jpg,2
/dataset/test/c553393539680311.jpg,3
/dataset/test/c59875640146507.jpg,3
/dataset/test/c555408153130989.jpg,3
/dataset/test/c59989775295117.jpg,3
/dataset/test/c555463507349830.jpg,3
/dataset/test/c600016007692603.jpg,3
/dataset/test/c55592012324654.jpg,3
/dataset/test/c6013369313719.jpg,3
/dataset/test/c555984527627706.jpg,3
/dataset/test/c603427403925047.jpg,3
/dataset/test/c556021658947247.jpg,3
/dataset/test/c604173432526483.jpg,3
/dataset/test/c556412185650898.jpg,2
/dataset/test/c605641677338326.jpg,3
/dataset/test/c557087230649035.jpg,3
/dataset/test/c606906094725114.jpg,3
/dataset/test/c557163638887970.jpg,3
/dataset/test/c607914280674861.jpg,2
/dataset/test/c557888832490081.jpg,3
/dataset/test/c608408646114772.jpg,3
/dataset/test/c557898406374849.jpg,3
/dataset/test/c609019859653952.jpg,3
/dataset/test/c558511602396993.jpg,3
/dataset/test/c609545021692157.jpg,3
/dataset/test/c559131992350287.jpg,3
/dataset/test/c610257397527769.jpg,3
/dataset/test/c55925764421767.jpg,3
/dataset/test/c61064835316350.jpg,3
/dataset/test/c55973104699493.jpg,3
/dataset/test/c61126322583779.jpg,1
/dataset/test/c559975322126226.jpg,3
/dataset/test/c611348003162539.jpg,3
/dataset/test/c562008441689597.jpg,3
/dataset/test/c613536726516936.jpg,3
/dataset/test/c563159280842206.jpg,3
/dataset/test/c61375948059547.jpg,3
/dataset/test/c56387181592490.jpg,3
/dataset/test/c615799068187012.jpg,3
/dataset/test/c56452769696239.jpg,3
/dataset/test/c615892354328144.jpg,3
/dataset/test/c564636540942025.jpg,3
/dataset/test/c616737387753143.jpg,3
/dataset/test/c564746096384043.jpg,3
/dataset/test/c61688461287972.jpg,3
/dataset/test/c565276312381773.jpg,2
/dataset/test/c61733673794059.jpg,3
/dataset/test/c56557621797328.jpg,3
/dataset/test/c617743029140368.jpg,3
/dataset/test/c567028194612334.jpg,3
/dataset/test/c61795941044198.jpg,3
/dataset/test/c568079274551202.jpg,3
/dataset/test/c61811543453334.jpg,2
/dataset/test/c568315684535218.jpg,3
/dataset/test/c62050335780057.jpg,3
/dataset/test/c56838760475828.jpg,1
/dataset/test/c621705390137164.jpg,3
/dataset/test/c568491568244050.jpg,3
/dataset/test/c622343414760858.jpg,3
/dataset/test/c570373977134542.jpg,3
/dataset/test/c62288012046781.jpg,3
/dataset/test/c57248364889023.jpg,3
/dataset/test/c6239342170872.jpg,3
/dataset/test/c572793400411074.jpg,3
/dataset/test/c624562940068940.jpg,3
/dataset/test/c574671776127452.jpg,3
/dataset/test/c624663299249760.jpg,3
/dataset/test/c574945052518197.jpg,3
/dataset/test/c62487734902526.jpg,1
/dataset/test/c575809383339369.jpg,3
/dataset/test/c62509576785365.jpg,2
/dataset/test/c57637048299498.jpg,3
/dataset/test/c6257095010367.jpg,3
/dataset/test/c576457617164735.jpg,3
/dataset/test/c628276133830238.jpg,1
/dataset/test/c578396726870048.jpg,3
/dataset/test/c629262440747529.jpg,3
/dataset/test/c58018778020127.jpg,3
/dataset/test/c629433950371798.jpg,3
/dataset/test/c580328846427188.jpg,3
/dataset/test/c630426226255241.jpg,3
/dataset/test/c580829609959505.jpg,3
/dataset/test/c63072685759132.jpg,3
/dataset/test/c58276871882040.jpg,3
/dataset/test/c6320885787507.jpg,3
/dataset/test/c583231669493127.jpg,3
/dataset/test/c632576154517743.jpg,3
/dataset/test/c583655001071120.jpg,3
/dataset/test/c632754783961494.jpg,3
/dataset/test/c584286110148408.jpg,1
/dataset/test/c719819551835842.jpg,3
/dataset/test/c6368130372102.jpg,3
/dataset/test/c68142878447616.jpg,3
/dataset/test/c63704742515665.jpg,3
/dataset/test/c681122382146244.jpg,3
/dataset/test/c637585737746159.jpg,3
/dataset/test/c681746531732649.jpg,1
/dataset/test/c638343143550842.jpg,3
/dataset/test/c68314120354212.jpg,3
/dataset/test/c638601370397804.jpg,3
/dataset/test/c683296555947755.jpg,1
/dataset/test/c638633991368815.jpg,3
/dataset/test/c685293530612583.jpg,3
/dataset/test/c638803921892697.jpg,3
/dataset/test/c687426670560620.jpg,3
/dataset/test/c639015587519991.jpg,3
/dataset/test/c687723009386321.jpg,3
/dataset/test/c640067662556282.jpg,3
/dataset/test/c687755801221659.jpg,3
/dataset/test/c64151480793878.jpg,3
/dataset/test/c688138167177544.jpg,3
/dataset/test/c642668085623025.jpg,3
/dataset/test/c688295816590673.jpg,3
/dataset/test/c642824379780892.jpg,3
/dataset/test/c688754308077374.jpg,3
/dataset/test/c644043608731078.jpg,1
/dataset/test/c688783251927189.jpg,3
/dataset/test/c644269201860986.jpg,3
/dataset/test/c689338664771732.jpg,3
/dataset/test/c64506759617004.jpg,1
/dataset/test/c691303735099969.jpg,3
/dataset/test/c646612654049902.jpg,3
/dataset/test/c69138333549294.jpg,3
/dataset/test/c648877334477962.jpg,3
/dataset/test/c69151244144129.jpg,3
/dataset/test/c65088988824256.jpg,3
/dataset/test/c693687467491779.jpg,3
/dataset/test/c651287629925739.jpg,3
/dataset/test/c695649406159831.jpg,3
/dataset/test/c651397693969464.jpg,3
/dataset/test/c69575904122409.jpg,3
/dataset/test/c651634754217504.jpg,3
/dataset/test/c697242587256049.jpg,3
/dataset/test/c653663312527454.jpg,3
/dataset/test/c697449086831067.jpg,3
/dataset/test/c653886400752608.jpg,3
/dataset/test/c697605773634586.jpg,3
/dataset/test/c65395716488666.jpg,3
/dataset/test/c697818468979891.jpg,3
/dataset/test/c655162859430428.jpg,3
/dataset/test/c69990184259645.jpg,2
/dataset/test/c658559942371616.jpg,1
/dataset/test/c701563179254592.jpg,3
/dataset/test/c658623318758617.jpg,3
/dataset/test/c7019488466250.jpg,3
/dataset/test/c66091449170160.jpg,3
/dataset/test/c701961287820279.jpg,3
/dataset/test/c66182841548866.jpg,3
/dataset/test/c703021179585603.jpg,3
/dataset/test/c664032525474786.jpg,3
/dataset/test/c703056203489120.jpg,3
/dataset/test/c66518374056748.jpg,2
/dataset/test/c7032054249282.jpg,3
/dataset/test/c665992300057777.jpg,3
/dataset/test/c70453889169326.jpg,3
/dataset/test/c66602964918148.jpg,3
/dataset/test/c704751777228795.jpg,3
/dataset/test/c666668301667444.jpg,3
/dataset/test/c705919468846891.jpg,3
/dataset/test/c667352154374104.jpg,3
/dataset/test/c706051667418225.jpg,1
/dataset/test/c667742467139749.jpg,3
/dataset/test/c706444327300.jpg,3
/dataset/test/c66788660798739.jpg,3
/dataset/test/c706568764432397.jpg,3
/dataset/test/c668732821428805.jpg,1
/dataset/test/c707006514518532.jpg,3
/dataset/test/c668932737919463.jpg,3
/dataset/test/c70706451048418.jpg,3
/dataset/test/c670907912760383.jpg,3
/dataset/test/c708842340952985.jpg,3
/dataset/test/c672182584753072.jpg,1
/dataset/test/c709028128270889.jpg,3
/dataset/test/c673605477366429.jpg,3
/dataset/test/c71078137248536.jpg,3
/dataset/test/c674865445894810.jpg,3
/dataset/test/c711235884781211.jpg,3
/dataset/test/c674934710792375.jpg,3
/dataset/test/c711316433088336.jpg,3
/dataset/test/c67528806022285.jpg,3
/dataset/test/c712056172954246.jpg,3
/dataset/test/c676454985995009.jpg,3
/dataset/test/c713286804249868.jpg,3
/dataset/test/c6766167863997.jpg,3
/dataset/test/c713359287794381.jpg,3
/dataset/test/c67677411811021.jpg,3
/dataset/test/c714251615444677.jpg,3
/dataset/test/c676957750198512.jpg,3
/dataset/test/c71616772748560.jpg,3
/dataset/test/c677321944989876.jpg,2
/dataset/test/c716182254499151.jpg,3
/dataset/test/c678221502748004.jpg,3
/dataset/test/c717346178479058.jpg,3
/dataset/test/c678342820851801.jpg,3
/dataset/test/c71842231459869.jpg,3
/dataset/test/c679127392974706.jpg,3
/dataset/test/c718598789987915.jpg,3
/dataset/test/c67924195233528.jpg,3
/dataset/test/c719157687025415.jpg,2
/dataset/test/c67962551081031.jpg,3
/dataset/test/c71956308696479.jpg,3
/dataset/test/c68035896764912.jpg,3
/dataset/test/c7212736119802.jpg,3
/dataset/test/c782071992182304.jpg,3
/dataset/test/c721351678938497.jpg,3
/dataset/test/c780917633565772.jpg,3
/dataset/test/c721398553526427.jpg,3
/dataset/test/c783397610847273.jpg,3
/dataset/test/c724435256073002.jpg,3
/dataset/test/c785445547822804.jpg,3
/dataset/test/c724867761041387.jpg,1
/dataset/test/c785488989626000.jpg,1
/dataset/test/c72575829589469.jpg,3
/dataset/test/c787401996441597.jpg,3
/dataset/test/c7257699818777.jpg,3
/dataset/test/c787417324360109.jpg,3
/dataset/test/c726254982512252.jpg,3
/dataset/test/c78742603835570.jpg,3
/dataset/test/c727026371153656.jpg,3
/dataset/test/c788431276541116.jpg,1
/dataset/test/c72726551978488.jpg,3
/dataset/test/c790957483037147.jpg,3
/dataset/test/c729665117396311.jpg,3
/dataset/test/c791416910580076.jpg,1
/dataset/test/c730783452890336.jpg,3
/dataset/test/c792221438339523.jpg,3
/dataset/test/c731369918311645.jpg,3
/dataset/test/c792697119083537.jpg,1
/dataset/test/c73233961044846.jpg,3
/dataset/test/c793072470148.jpg,1
/dataset/test/c733006530510576.jpg,3
/dataset/test/c793254717649535.jpg,1
/dataset/test/c733443864939144.jpg,3
/dataset/test/c794689700972860.jpg,3
/dataset/test/c734044867095644.jpg,1
/dataset/test/c79481713491767.jpg,1
/dataset/test/c734138137427174.jpg,3
/dataset/test/c795279681459500.jpg,2
/dataset/test/c73592944514285.jpg,3
/dataset/test/c797735885274782.jpg,3
/dataset/test/c736259496651294.jpg,3
/dataset/test/c798427267742551.jpg,3
/dataset/test/c736409343583114.jpg,3
/dataset/test/c798503222632336.jpg,3
/dataset/test/c736448732894394.jpg,3
/dataset/test/c798671529259280.jpg,3
/dataset/test/c736523705915478.jpg,3
/dataset/test/c798685145949564.jpg,3
/dataset/test/c737474036228527.jpg,3
/dataset/test/c813999828817077.jpg,3
/dataset/test/c737756970893769.jpg,3
/dataset/test/c817022921430322.jpg,3
/dataset/test/c739354418217484.jpg,3
/dataset/test/c829348991018002.jpg,3
/dataset/test/c73993848059201.jpg,3
/dataset/test/c829931346766766.jpg,3
/dataset/test/c740793515970547.jpg,3
/dataset/test/c836655574038652.jpg,3
/dataset/test/c741231872481357.jpg,3
/dataset/test/c846566439511764.jpg,3
/dataset/test/c742762639664634.jpg,2
/dataset/test/c852451097619173.jpg,1
/dataset/test/c743089301153598.jpg,3
/dataset/test/c856427910733332.jpg,3
/dataset/test/c743205687326086.jpg,2
/dataset/test/c868977942826874.jpg,3
/dataset/test/c744635971180387.jpg,3
/dataset/test/c877314750235357.jpg,1
/dataset/test/c744683320215352.jpg,3
/dataset/test/c88022470785815.jpg,3
/dataset/test/c7469711485104.jpg,3
/dataset/test/c899421161441748.jpg,3
/dataset/test/c747685153121076.jpg,1
/dataset/test/c903764322758987.jpg,3
/dataset/test/c751912795516783.jpg,1
/dataset/test/c90639432318788.jpg,3
/dataset/test/c7520262884315.jpg,3
/dataset/test/c909738464939833.jpg,2
/dataset/test/c752211594636127.jpg,3
/dataset/test/c92512447233104.jpg,1
/dataset/test/c752665827362828.jpg,3
/dataset/test/c92667181866947.jpg,3
/dataset/test/c753364008827124.jpg,2
/dataset/test/c930219484395763.jpg,3
/dataset/test/c753622324172072.jpg,2
/dataset/test/c934836464136555.jpg,1
/dataset/test/c754885318351288.jpg,3
/dataset/test/c941287130790622.jpg,3
/dataset/test/c755355844567204.jpg,3
/dataset/test/c951137514043095.jpg,3
/dataset/test/c75740500153353.jpg,3
/dataset/test/c960557095087189.jpg,2
/dataset/test/c75928461058873.jpg,3
/dataset/test/c96961895247257.jpg,1
/dataset/test/c759559357633537.jpg,3
/dataset/test/c763023654279644.jpg,3
/dataset/test/c76365839049686.jpg,3
/dataset/test/c764567620238095.jpg,1
/dataset/test/c767064300042206.jpg,3
/dataset/test/c776572182179972.jpg,3
/dataset/test/c778568050834626.jpg,3
/dataset/test/c778831088158499.jpg,1
/dataset/test/c779921948583535.jpg,3
/dataset/test/c780165190560614.jpg,3
